Generated_sentences,perplexity
maintain united front there. </s>,0.99999999994
started yet but so far so <unk> so true. </s>,6.45655149437834
morning 8 job <unk> at tomorrow! </s>,3.7377348103107275
london when the ladies <unk> starts now! </s>,3.903051316738738
doing nothing. </s>,0.9999999999666667
culture than for their 5th annual g s day picnic today!!! </s>,1.4902704968118512
cap on the <unk> </s>,1.6173446625695727
dallas good for your thoughts what golf item would you like to test me im,3.879780728305024
sleepy o <unk> 8pm warm up now! </s>,1.7067368364823958
one either. </s>,0.9999999999666667
went 101 and shared the happier we <unk> </s>,1.2902397677792885
action shot in the coaches of <unk> </s>,3.365572520639936
he should always be a brief checkin am in <unk> <unk> is wearing really tight,6.116443829947179
amazing job on the bus <unk> go away and die. </s>,3.947990193305186
giants cant . </s>,0.99999999995
people take their anger out on demand later though. </s>,1.7858763815406964
expectations 2 much credit the new and brilliant clothes. </s>,2.0399590889585264
what universe does and the dream tonight!! </s>,2.6018209791228872
6 rocks! </s>,0.9999999999666667
want time to celebrate the release of <unk> grand opening of at work. </s>,3.955578878039035
complete for <unk> </s>,1.2848758193104484
amazing women for our arts <unk> </s>,1.9166020274739732
didnt listen to all the way we do appreciate you gettin at me and mess,5.189994995340064
culture religion perspectives are <unk> </s>,1.1736859400983193
hard should it <unk> <unk> rt <unk> question great trade it is <unk> up thank,8.289660273824653
less <unk> </s>,1.409459746281429
things i want for a guy i started my first fantasy baseball brian <unk> really,7.292178525020308
baby out lol. </s>,0.99999999995
the bus? </s>,0.9999999999666667
to ! </s>,0.9999999999666667
thought thursday! </s>,0.9999999999666667
my email is some funny shit i dont care if its not just when i,4.681352304761554
saw through my tv. </s>,1.6437518290569753
big fish performing at the <unk> want to be at 930 pm. </s>,5.767165216031621
many games will you both be in front of someone when youre here id love,3.987978551504067
tweet me. </s>,0.9999999999666667
help wit <unk> <unk> </s>,1.9261640814738235
everyone walk around with some awesome <unk> of tears while listening to <unk> </s>,4.364760590256905
feel old <unk> but it is fake hair <unk> i was getting to know i,8.720661903859629
democrats <unk> presidential <unk> </s>,1.0371372892702713
watch usa <unk> <unk> </s>,1.7222082697029537
on pandora you will be my next book. </s>,3.487703876030883
into shape it was so sad <unk> well since youre also known as el <unk>,3.718301872772551
the passion of your pool <unk> </s>,2.490918773029646
breaks my <unk> ive arrived to my <unk> </s>,3.6032409157285326
la fitness i feel i have so much for following god. </s>,4.321938882651701
to go... <unk> nice meeting you at <unk> beach house with <unk> and <unk> <unk>,3.876167046047045
smarter not longer chapter <unk> up here in mke since the 2nd <unk> <unk> <unk>,3.984420055563805
the beats dm me and in my class again? </s>,5.065279080001889
fast but i liked that title. </s>,3.078258372135386
matter anymore. </s>,0.9999999999666667
more prep football action in the us? </s>,2.1320799300716353
find us! </s>,0.9999999999666667
i return this one to talk must write <unk> </s>,3.013808890045916
home boys those of you <unk> </s>,1.744715355896294
threat from drug <unk> n lord knows theres enough of them o tweet this <unk>,2.319993586100313
was higher than his act <unk> a public speaker with <unk> there than it is,4.1407641223596725
when youve become so <unk> for an amazingly productive weekend. </s>,3.868882452169345
one door closes another 1 opens ! </s>,1.0905077325698382
work omg seemed like the first <unk> as <unk> problems. </s>,4.822316335294857
kind that uses real <unk> </s>,1.2965290984171052
bag <unk> in <unk> </s>,2.375593976047324
and keep your mouth im sorry i missed out on they ass. </s>,3.3287321281308535
<unk> affairs this season idk <unk> youre the one going crazy we cant quite decide,3.329775769996396
em see everyone <unk> her name and not the content of course! </s>,4.579826070087356
call failure is often chosen for its creation should have a long week. </s>,2.7116269588099264
person on facebook already lol we are going wrong. </s>,3.5069074573197874
me over <unk> </s>,2.471861833262138
emotional hurt. </s>,0.9999999999666667
say dont forget to account for him in the <unk> joy is looking for a,4.0465554596955355
liam uhm hey and then you find ours interesting and helpful as well! </s>,2.3247142541048786
feelings go up to today? </s>,2.514067282729152
out large real estate practice group. </s>,1.426161634901399
see are for the rt <unk> <unk> </s>,3.20721549177165
hanging about on twitter or <unk> </s>,2.430568335690427
woman because she sends me music files which one would assume so. </s>,1.634437010449791
seed is going to block you. </s>,2.8609980493533804
u 2nite field trip today but did not. </s>,1.675385742816805
towards a greater <unk> </s>,1.148698354905139
song fuck the police on mothers <unk> with an <unk> rehearsal <unk> </s>,4.392417070055168
every morning! </s>,0.9999999999666667
<s> grammar is playing <unk> </s>,2.1313848734003153
lakers you can tell you that at the san diego stock up! </s>,4.944427150366229
have heard great things. </s>,1.5157165662981977
an area for us to do dont mean <unk> i added an extra and not,7.136195124828061
pure and true. </s>,0.99999999995
basket party <unk> yeah and a kindle fire. </s>,4.107264941359805
sad i missed first 25 minutes for a workout and meeting up again wow. </s>,3.3264811516170965
whos up on twice accidentally by customer support. </s>,1.759955422694319
coolest <unk> </s>,0.9999999999666667
minnesota next week. </s>,0.99999999995
a tiny <unk> </s>,1.7782794097499524
actually cant wait to show some love thats awesome <unk> im so proud of myself,5.59038095780919
your second link went to crawford first semester of grad school your membership fees go,1.7141007060348796
<s> downloaded the <unk> mine is <unk> in beautiful lake <unk> school district to <unk>,5.740619355971439
best lamb there is. </s>,0.99999999994
tape and some two <unk> apple with fake window washing via taking thomas to his,1.897463928269822
wanted that kiss for a year as a <unk> <unk> on two days a week.,5.619005298632235
what kinda nigga would click smack a hoe once you gotta respect them. </s>,1.749674173449728
health info tech info session tonight 630 pm. </s>,1.080059738796301
all the dads and father <unk> out heart of its value a lot of jokes,3.956073271232715
clear useful content respect for chris <unk> has been going strong for 12 hours now.,2.8395579741298755
eve to avoid bad excuses on the coaches and <unk> follow me to england in,6.70236003630958
hat to <unk> followers but his tweets he is in search of a 300 line,6.051214804416477
sound color i soo dont wanna watch <unk> right now! </s>,2.629653877605283
devil <unk> </s>,1.144714242496096
facebook again. </s>,0.9999999999666667
rt grand opening of the <unk> </s>,1.9992588084139804
weeks episode. </s>,0.9999999999666667
even being <unk> </s>,1.345534620443784
gary turner that is hot. </s>,2.3372110604426073
for april <unk> </s>,1.0532807756371125
facebook the best yet! </s>,3.493016735807879
18th century tv hi! </s>,0.99999999994
for dr. jennifer <unk> tribute 2 j <unk> <unk> so if u not <unk> </s>,4.70368972820206
da best havent done my homework put <unk> in the mirror face it and i,2.972862093609989
beat big show in a get to vegas oh how my future is. </s>,4.836317445606845
<unk> dreams last night. </s>,1.2457309394909442
is important users touch multiple <unk> services ... hope you get <unk> </s>,2.3136561172857792
tour together again or <unk> </s>,1.2885169093059665
women from previous program n shes kind n <unk> </s>,1.1767373386959992
charity auditions <unk> june <unk> </s>,1.284898293286128
vick a. johnson <unk> karen russell weird ive had 15 people against me and he,2.1015979129904996
their hasnt been <unk> with great performance on tribute to a <unk> </s>,4.598540449247828
crab legs <unk> </s>,1.5650845797993975
great my own ice cream i just wanna save you guys to hear. </s>,3.987050571993423
to... buy my single one lol not sure how can i email you? </s>,2.967232232578897
player and had the soul. </s>,2.9683106475275727
computer screen my total workout time per week in nyc! </s>,1.2534510715521647
this rap shit by the <unk> for cancer wheres my <unk> </s>,3.4218431409792958
patience and the signs are up! </s>,2.370008465569845
pie dynamite sticks its wednesday! </s>,0.9999999999333333
totally had the belt quite like a <unk> </s>,2.479809888546409
that dj is the size of the <unk> <unk> </s>,3.3448812338054394
it fits <unk> </s>,1.1892071149135306
5 time to look cool on u oh ya lol hes the <unk> </s>,2.8959300883849806
can play some ball today got <unk> and i <unk> most of the storm i,9.105488888713214
street for return to the rhythm of lifes stress away. </s>,2.3346585391872434
on monday. </s>,0.9999999999666667
for ireland tomorrow!! </s>,0.99999999995
making record <unk> <unk> for vitamin a i love me or is <unk> it is,10.169414149886524
witnessed it. </s>,0.9999999999666667
<unk> minnesota under the weather the past 12 years i have the best wings in,4.467895517328148
tonights gonna be the big <unk> </s>,4.506873848482558
<unk> mt. </s>,0.9999999999666667
activities more than half of <unk> </s>,2.7342843343310532
them feel. </s>,0.9999999999666667
via nytimes thank you <unk> </s>,1.5303036259425387
greatest rapper to be taken in my life ppl put me down on google you,4.399029562465107
but back in the world is more exercise i come to save me <unk> i,6.451907524797875
or got <unk> though her <unk> </s>,3.2213893148593162
page we work in free before 8 just got <unk> <unk> </s>,2.7455434690005265
happy hours <unk> at greg <unk> of the <unk> make bigger pockets to <unk> tour,8.426626151470677
hoping that today were <unk> </s>,2.430705401572892
dance in the world <unk> </s>,3.320402870070629
id desire a product to serve with you! </s>,1.402533537408115
that mess. </s>,0.9999999999666667
our mission 1. to reduce to <unk> <unk> her sleeping <unk> is my life. </s>,5.044013832288573
shes really hurt when she yelled <unk> lmfao <unk> have developed a cure for anything,2.414605843792296
your key result <unk> </s>,0.99999999994
of kentucky you <unk> </s>,1.138060426220878
public opinion people think is sexy how are the biggest smile ive had men before,3.819992493717449
passed away today at 4pm community garden group meeting will be camping in his <unk>,2.4714909168218258
mean setting the bar and setting it high thus stu rise to challenge yes <unk>,1.396602292297259
the dog house. </s>,1.7320508071358647
point a few days happy mothers day to could never work in you looking forward,3.6575248978599513
calling god <unk> </s>,1.2053905235597056
shes amazing getting ready for <unk> </s>,1.8224261554402368
<unk> presidential <unk> </s>,1.0466351393345406
them over the person who didnt understand or <unk> </s>,2.774186113334661
eastern and western medicine can save time and money saving tips me too! </s>,1.3675241323855927
you definitely should! </s>,1.1892071149135306
your msg <unk> </s>,0.99999999995
u r feeling better. </s>,1.820564202225032
degrees outside haha! </s>,0.99999999995
yankees or red sox <unk> be though. </s>,2.46065036057953
wanna burn your name to you... but to get a <unk> </s>,2.7173500671735558
title <unk> </s>,1.4422495701631834
now... hey thanks again for using <unk> android app. </s>,2.6179128139965804
swear guys if u r on da <unk> right? </s>,3.2382296396325354
hope passed away yesterday. </s>,1.3797296612680527
hearing dean <unk> will never forget how hot the more glorious the win. </s>,3.0263903937837533
ya look like teens against a pro subscription to give a <unk> girl? </s>,3.5915312005608295
when can i get all 5 locations are open to use <unk> going <unk> world,5.803446072117319
myself were going to be on <unk> <unk> by june it has become more by,5.9602269797835365
bit longer where i could smack every drunk bitch in front of our lives are,3.544595634490415
glad an instructor once told me to england in <unk> . </s>,3.280794307976218
... another <unk> saturday <unk> </s>,3.261050658020045
or young guys. </s>,0.99999999995
ncaa selection <unk> this sleeping pill is <unk> i would wish you would celebrate a,5.880236383072588
believe this <unk> this not being able to sleep peace out 3 were offensive <unk>,4.848031630693929
book my own person dont lie follow back but <unk> street for return to us,4.028003444833542
anyone see that piece of shit how do you sing again. </s>,3.7167169060173104
very affordable close to his home. </s>,2.5891449911657998
days hahah i wish he would snap at small <unk> </s>,2.5275676900208093
to ac with me <unk> </s>,1.734130732797083
but youll want to be there forever! </s>,4.825317946687577
ordered it tho creepy guy in the im so self <unk> </s>,4.239977521235931
thanks for the follow. </s>,2.286033237094183
youll love this <unk> so lost with today where kk vs <unk> will make you,4.956029837860899
i cry alone in the middle of me just shake me till i sleep tweeting,3.5710866590159718
italian dinner <unk> im en <unk> youre awesome <unk> season of <unk> </s>,5.001106369125502
users to store ordered cleaning supplies ... having way to games i can respond in,2.632195261589514
of campus life at all times. </s>,1.9018554307976903
only very very amazing song. </s>,1.673929308320506
that... the yankee captain now has <unk> feelings schools bullying <unk> tip 5 stay focused,1.9924467798628773
its 1 of phase 2 of the upcoming <unk> movie <unk> <unk> </s>,4.579229311392029
build <unk> presented by <unk> elevator 2 others <unk> right now. </s>,2.351881246051037
healthy and fat but they can actually play the game or just <unk> </s>,3.6160974283540175
shut off during original <unk> <unk> <unk> </s>,2.2206468902959267
thats game we lost i just met you and just <unk> </s>,3.8534505331585094
artist <unk> he was in the back <unk> </s>,6.16838231525704
all meet up. </s>,0.99999999995
talent in the <unk> da bro sleep now and i will be 22 no need,5.571701494860746
<unk> eastern <unk> </s>,1.1892071149135306
opinion not your <unk> after a coast to coast <unk> you!!! </s>,3.0295472274851036
one still a 5 letter word. </s>,2.146572757445484
hiring information and <unk> the <unk> are for <unk> <unk> if a woman ask u,11.257987377161633
paint u <unk> <unk> little attention seeking <unk> from chain of reaction must be <unk>,4.200118789704374
your portrait work with such <unk> broken flowers <unk> earth 2 title. </s>,2.0130948170157037
film watching! </s>,0.9999999999666667
its between u <unk> </s>,1.248029351691261
helps god is because she inspires thanks for all good . </s>,4.642494586056696
alex does u should go find in chi while on her <unk> campaign. </s>,2.6542364134586234
wow mobile is never <unk> the end of <unk> </s>,4.380117744513119
os could do halftime show better than <unk> </s>,2.2639674719111156
which means little to nothing left. </s>,1.368738106466221
one moves the ground haha digging out on tour a mans worth is no point,2.1534693525649593
another congrats goes out to see the world think of <unk> </s>,4.681703669198556
defense in a conversation about trust had that earlier fam 2day lol same to you.,2.3811570209170605
drinks all night <unk> on <unk> issue. </s>,5.348111557611497
well thanks. </s>,0.9999999999666667
beautiful lake <unk> </s>,1.2877547883299703
for me... that episode was the angel of god dont let anyone dull your <unk>,2.3237411523311993
ugly i freakin hate it. </s>,1.259921049768881
beat by a walk thru the matt <unk> or <unk> on <unk> </s>,3.8488967524844706
it go. </s>,0.9999999999666667
tht was my absolute favorite. </s>,1.5874010514655226
cause one <unk> born to die just because hahaha this fool hahaha watch the news,3.054926614274485
but see you here from cleveland before. </s>,2.5202296927003784
one drinking night nice blog do you follow me?? </s>,2.6865203746395845
knocking <unk> out your <unk> were you tonight? </s>,8.571689307994777
hack and all week new years <unk> <unk> and <unk> </s>,3.9402662095738403
should just mention the complete lack of women ride <unk> and make that threat sooner,3.85548204141581
was named the <unk> </s>,1.3669043026424446
slut great meeting scott you two rock! </s>,2.1147425259559283
<unk> success! </s>,0.9999999999666667
given me a message that the reason were doing next. </s>,4.062316984262124
then spending too much you hate <unk> <unk> </s>,3.781646965339819
that moment. </s>,0.9999999999666667
spinach tomato chinese toy <unk> </s>,0.9999999999333333
eating for healthy aging san <unk> <unk> lol! </s>,3.6464108327680766
cause baby you light my world like a man shall never see the avengers more,3.767201423330039
<s> pt expect great! </s>,0.99999999994
the gifts i received an <unk> </s>,1.4531084018154445
have caused nothing but hits at the <unk> all the work of which the <unk>,4.835027429964139
empire tonight at anchor <unk> live in california is <unk> </s>,3.117546798489254
fans <unk> washington county <unk> <unk> all my followers! </s>,6.175432127990625
party . </s>,0.9999999999666667
head now? </s>,0.9999999999666667
called about film but it was fun! </s>,2.5511018806585466
minutes after that it physically <unk> me for the retweet sweetie i was wrong! </s>,5.399601902760716
player they have a nice smile what are you at? </s>,4.007191248146169
about that. </s>,0.9999999999666667
in shape playing shape that is. </s>,1.1040895135791762
u impact <unk> </s>,0.99999999995
<unk> machine man. </s>,1.316074012820885
<s> fuck not having to see you today!!! </s>,5.698600991931524
<unk> brewing co. is now 2012 but dont think its funny at <unk> some chemical,5.904015530818984
by puttin paper clouds and <unk> note ive got a <unk> <unk> </s>,3.204237516398003
<s> kids going to miss out on a three month <unk> she <unk> out the,6.373618489659641
cookie for you to another awesome concert! </s>,3.0066356397438962
perry part of that <unk> </s>,2.7207662194798496
<unk> reduce then <unk> care to <unk> <unk> </s>,2.5875956092163843
erase <unk> and really enjoy your day! </s>,4.932221937354401
between you the last couple years. </s>,3.134818664320558
on production schedule for <unk> beating down the windows at <unk> very good headphones i,4.883137955116568
rock out autism tonight! </s>,1.3509600383720077
loud to pump up things. </s>,1.1224620482158345
interesting happening on <unk> </s>,1.2404297643715414
brewers games at miller park. </s>,1.3480061544400104
live panel but <unk> i smell <unk> </s>,5.48024455368674
you .. you gotta go have your <unk> start to the next cup i brew,6.1363637423438115
upload photos for my radio show? </s>,2.409859446242915
class we love you! </s>,1.5342063822027276
being balanced and <unk> <unk> lover in my head hello i love the free <unk>,6.295980399067363
thanks gorgeous new followers <unk> <unk> id still take it through the app. </s>,4.991879384007905
peyton plays some games to <unk> next. </s>,2.7009195738005833
miss high school looks like <unk> will get in the <unk> here we <unk> </s>,10.511827678549707
we mark the one i just left the <unk> did magic and <unk> </s>,5.488839095075798
everyone ! </s>,0.9999999999666667
good all my packer followers tomorrow during <unk> twitter everybody rt the way it is.,3.724733856231168
sorry 4 <unk> thai <unk> <unk> paul telling me we blew my twitter life. </s>,4.470166809588002
me really? </s>,0.9999999999666667
yet 20 yo are loving her? </s>,0.9999999999285715
first gay president <unk> menu the <unk> and run it well im leaving for vegas,4.7277860471122155
asked to delay her release date to finish up some ish and came across a,2.1485794388909714
adopt the pace of nature her secret isnt the time. </s>,1.6127714949478789
homework have to fight another day make sure to follow mee ? </s>,4.074532913623479
showing the <unk> they are sometimes <unk> </s>,6.912872845612604
high and high on <unk> <unk> <unk> w libraries supporting community learning i want to,3.5038673109618763
<unk> travis <unk> only care about a woman <unk> place <unk> </s>,4.299704393916787
sayin stop <unk> follows <unk> </s>,2.2390395099671583
that persons house and meet some new hip hop during the conference <unk> </s>,3.1088292468478356
giants win already hope youre taking advantage of someone when theyre not around. </s>,2.248958365145439
tickets to saturdays nike hoop summit at the end of may how do i want,3.038986567162564
awesome film nothing makes me sick who are always here for the <unk> </s>,3.6002375987026696
laugh o yea eat alot wait <unk> in the edge of my friends <unk> and,4.014098180245805
and pace and <unk> <unk> <unk> deal with her anymore now leaving work early to,4.1462001827184345
<unk> 0 oh well <unk> </s>,2.039648902043611
game which is <unk> s <unk> mayor has <unk> </s>,4.775225882066014
th 1st time. </s>,0.99999999995
great interesting part lmao rt at san <unk> </s>,1.5996166308464088
in belly boring weekend... imma have a great business idea this weekend. </s>,1.927534123580247
color <unk> </s>,1.1856311014308192
ask ur mommy if u agree! </s>,1.8347860682757895
it or sell look at any time soon but i will be the captain i,6.1488773787134035
not heard about a book we already celebrate this holiday season you can! </s>,2.175763713532222
gosh yes. </s>,0.9999999999666667
<s> afternoon finalizing an <unk> follow me like an old set of the day hopefully,6.933391220770416
professionals for <unk> never <unk> to her <unk> past all them haters like okc auto,5.076152216399945
though me i really appreciate it. </s>,3.404399986563349
weed look like the rest of the flavors <unk> meh <unk> good morning! </s>,3.798440168230394
everyone up on someones face. </s>,2.803965791486451
doin <unk> </s>,1.144714242496096
put new <unk> <unk> later on big screen caps gear lower <unk> is horrible lmao.,5.288967036596005
said dev team 3 just finished my 5k for the first <unk> list on twitter!,3.2605301302942427
be somewhat <unk> but back in session on games in <unk> </s>,3.6531365179210633
process is <unk> </s>,1.6611086224990625
wins a free private <unk> </s>,2.4004819199361687
no signs of mild <unk> <unk> <unk> <unk> and michigan state <unk> volleyball team for,3.7190827525563694
<s> closes mouth. </s>,0.99999999995
in florida. </s>,0.9999999999666667
comp for the chili challenge <unk> </s>,3.020541216433142
my question! </s>,0.9999999999666667
not true signed with <unk> political views in austin looking for truth on the road,4.501894107909193
sister scared of your day. </s>,3.1986366630963916
on o and bruce <unk> boots when he shouldnt have to google that. </s>,3.3599717890015937
<unk> welcome to twitter to tell us how to <unk> walmart hahaha kills me that,4.380567515204874
dancing away with dry and <unk> and being <unk> fans! </s>,5.58480501165306
ill look 2day i love it. </s>,2.1620065705330114
about mr. <unk> just said im so sorry about the <unk> </s>,5.243326359743189
really windy in vegas is now <unk> </s>,1.9940796476804097
home went well as <unk> </s>,1.9553986059204294
actually am following you on board with being called to account on <unk> </s>,2.881552699708024
soo i was just being <unk> fans! </s>,5.0278776767513245
our team! </s>,0.9999999999666667
dick <unk> is an open line of <unk> on my bday and it is possible,9.71808161871581
a mortgage loan <unk> <unk> on my way home in my sub box for a,4.7659708929239235
regular checkout lines again! </s>,0.99999999994
though hm that <unk> could fall in love. </s>,3.030718596295487
safe be happy turn your talents <unk> </s>,1.9579730902938546
30th buddy welcome to from the north west i should worry more about <unk> energy,4.749260502107272
words can. </s>,0.9999999999666667
as expensive as the worst part is theres <unk> but never got cold enough this,3.44631932108772
houston get and the new music <unk> tonight health <unk> youth what will be tweeted,8.060625922036007
part 22 beats make music great. </s>,0.9999999999285715
be there? </s>,0.9999999999666667
not suck. </s>,0.9999999999666667
a set <unk> guide to playing <unk> all day oh <unk> </s>,3.9833337192691975
ceo of <unk> but still have the ones that can just get off my wish,10.771808706976044
the local one abt it but i am so proud of all people. </s>,3.5416493853749316
without your friendship means to me! </s>,1.457916249326355
the goal oh damn i forgot. </s>,1.9442017436909094
and attempt to get down here from <unk> omg <unk> !!! </s>,5.44722744232597
handle massive <unk> <unk> iu god <unk> sermon was basically an excuse to show up,3.4076484839819523
pittsburgh you have never had a <unk> board leadership <unk> <unk> </s>,6.832480233965656
bout u ladies rt many brands and <unk> me know which <unk> them after today.,5.32179491522959
frame the camera because all i hear production on cam newton is first qb in,2.0322824364727285
record <unk> to ! </s>,5.2893226631714265
passion poor black <unk> spider <unk> my school would probably do you mean like that.,3.8379090641708813
to in <unk> </s>,1.5667937837560952
the productive <unk> sometimes i wish you could have done better to have a bad,5.185795432593857
just liked it. </s>,0.99999999995
definitely been the subject most needed. </s>,1.693813979685098
<unk> burned <unk> calories a week <unk> </s>,2.1978585334688527
collect all this sex in the middle of this period of play u got <unk>,3.4870996472891185
novel <unk> the dont ask is something up for the rt! </s>,5.065634565641769
night tools can be lonely you look <unk> </s>,2.5555538821879624
thanks girl calling it <unk> looking forward to my <unk> <unk> in elizabeth nj not,5.938483548816912
for disney world trip my shorts need more <unk> than a cold run this morning,2.524223800869858
20 is west virginia day which <unk> holds the perfect patio for a quick phone,3.192096192138988
followed this since studying in <unk> </s>,1.1339313549233274
ass adult any day growth as a <unk> when playing pool at studio <unk> in,2.68240206242335
meeting tonight 730pm in the parking lot with california <unk> that sets everything straight. </s>,3.016104709467235
says bye bye i am trying to mess it up to the <unk> next chapter,7.099240746089843
that guy! </s>,0.9999999999666667
em love em. </s>,1.1892071149135306
16 and <unk> night. </s>,4.135776522538832
who try to be doing it now because they are <unk> </s>,5.774787109149039
next weekend! </s>,0.9999999999666667
over 200 <unk> i do not follow me now 3 teacher appreciation week starts off,4.528823882481122
shoes and those who are your best to down you!! </s>,4.201689187347176
target audience to get back to you. </s>,3.122334515275849
october 2010 presenting on <unk> </s>,1.2803401324526893
so break <unk> party when the world is <unk> <unk> love <unk> <unk> </s>,7.037261826393395
yo fool <unk> think i need my <unk> studio on <unk> </s>,5.771549742743379
awww thank you for <unk> </s>,2.2551388892065343
you do if he <unk> it revolution is biggest thing happening today were <unk> </s>,3.5879661671846836
liked golden <unk> </s>,1.4142135621963183
sync <unk> </s>,0.9999999999666667
sell them in the fourth <unk> </s>,3.487667111137117
puttin shoe <unk> on <unk> </s>,1.8798039692650743
everybody was chatting til late hopefully we can all have. </s>,1.731718145413108
huge cup of <unk> </s>,1.5288581103542518
much accomplished today. </s>,0.99999999995
scheduled to have your party on may <unk> </s>,3.857480222616556
nhl 36 james <unk> selected poems im <unk> how r u challenging me? </s>,3.3687498576202857
nights ago in the <unk> press day thanks gorgeous new followers <unk> </s>,3.4330212856290774
<s> guys dirty dancing is like seeing your work. </s>,2.485559996640867
even mad at <unk> . </s>,4.312452616460956
page brother enjoy the <unk> music by the <unk> </s>,4.300051356753537
away <unk> </s>,1.1856311014308192
evil . </s>,0.9999999999666667
twitter limits keep up <unk> <unk> and the other side too <unk> funny <unk> want,6.90790581461338
200 later working again! </s>,0.99999999994
me cant handle this on my mom. </s>,2.930487551628088
pic ive had it. </s>,2.1315255122051857
feeling sick and tired right now if they in different sports <unk> </s>,3.246757281947829
ad runs clips of father <unk> out a trash can with an apple tv or,2.304280239121985
those arent <unk> </s>,1.2877547883299703
too add negative frame <unk> curious positive to be around. </s>,1.9305087165471249
7. but i cant wait for new partners thanks for the follows and have a,4.3292135146449375
are known for their remaining <unk> </s>,2.0647823685940905
minute on that k was sick today. </s>,1.7737943170840194
going too far. </s>,1.1892071149135306
yessir what you chose not surprised the giants are <unk> </s>,2.814639572432738
trust you. </s>,0.9999999999666667
wish this car lol yes sir chillin like a baby! </s>,2.754000243855906
with special judge . </s>,0.99999999994
a 4 in the <unk> of <unk> </s>,3.1015037085809056
extend a happy black friday <unk> i hate it hi! </s>,5.104784022671869
ben hows you? </s>,0.99999999995
indy tonight. </s>,0.9999999999666667
<unk> service. </s>,0.9999999999666667
no beer here by their real name doesnt sound very good. </s>,1.4549683372345588
give hope hahaha complete ultimate <unk> stone at <unk> </s>,1.4331225734283377
they act out and follow for info on the <unk> </s>,3.202544497088315
me out! </s>,0.9999999999666667
stars today then off to bed. </s>,1.8957594897291603
buying them and those who read to remember what i wanted to let people know.,4.269437786852506
to philly then flying back to <unk> april <unk> im quickly realizing there is something,4.470139460486216
<unk> shore crazy hair <unk> for 2 seconds are <unk> a sick president <unk> <unk>,5.161851412245995
feeling only a few minutes. </s>,2.2684162593402566
that josh has stopped and left it <unk> </s>,1.4793042139234849
with episode 4 pretty excited about my cousins house to see if anyone is it,3.7437433981296584
and workout for free you are such a hard time watching <unk> nbc yes i,3.9922264922573154
fml best of everything for all people the past weve gone to the old days.,5.932664839947084
i played golf cause i looked ahead to the theater way to <unk> no one,5.04370827195317
sure whether i win 911 tribute custom and micro <unk> fund real life movies like,1.5695226330130048
definitely recommend checking out a red card i wish followed me that she <unk> agreed,3.9493974256714153
hell for a reason. </s>,2.752525911580852
need 2 be on board the natural rhythm of my most favorite songs ever! </s>,3.107242732398352
m. gunna be a complete <unk> set. </s>,3.4577461739674047
but sunshine in our neighborhood now we love your site guy did a great weekend,3.8086723589342086
were already winners as new country star of happy feet 2 what happens 2 us.,1.7080270618542768
more women will be great and relaxing fun time in a very powerful list your,4.190019365053236
god will get <unk> like us on facebook unless youre here. </s>,5.720638376035269
kit made instead of studying . </s>,1.76329560027725
their guns and go day 15 on the <unk> ill be a <unk> <unk> <unk>,4.590869943729737
miami game at 700 pm ff the chicago music festival give me my shyt is,2.456570045951725
take our team members is from the feed today. </s>,2.797687902826207
conference features recovery a <unk> pretty much every weekend until <unk> i love <unk> the,5.219365113627567
sit through. </s>,0.9999999999666667
is school going or you are 25 in advance <unk> </s>,2.991665499129198
current beliebers are 18 if justin was your favorite interview <unk> now is not a,3.0503834914172985
missing thanks for the follow! </s>,2.057258811901899
that title out in the air cause i never woulda left forgot who said when,3.6349554012730434
<unk> yours ask about <unk> <unk> coming out? </s>,4.553913342647501
action in the old <unk> </s>,4.272746415803566
has <unk> </s>,1.6541756237822214
its different it was a good pace i must be made 3 dont fucking k,4.068903144520739
like does it look so beautiful about the occupy dont go to school with one,4.06798789727
assignment in mexico and <unk> <unk> </s>,1.954920972055312
balls or <unk> give the <unk> <unk> </s>,4.940933918298496
compare our family to the store omfg i love your song <unk> when it <unk>,5.8693052381705195
or fundraiser in <unk> </s>,1.1923986347894024
necessarily thought of. </s>,0.99999999995
match up. </s>,0.9999999999666667
the area check them out at <unk> </s>,2.2914589826566707
higher 3pm and <unk> </s>,1.2541346085502698
stop matching <unk> </s>,1.1892071149135306
a sports show on the teacher since most of <unk> w homemade vanilla bean ice,4.748281787347472
crap up. </s>,0.9999999999666667
world division when you have to kill the <unk> </s>,4.046307576211982
that awkward moment when you see on <unk> friday night on tv right now <unk>,6.232375449098235
future is just a personal account? </s>,3.938501790745285
may also purchase any <unk> </s>,1.1566704286360863
together at the gorgeous st. <unk> <unk> </s>,3.458881347862132
that va va <unk> stop lying to you? </s>,1.5528475150428391
quickly we get these songs rolling . </s>,1.7891578660315415
that librarians are a <unk> </s>,1.702927335050392
may want to see artist my 15 year old named it. </s>,2.7104165206127844
much credit the new changed routes just enter a travel date after <unk> </s>,1.702303328382019
serious is the only number that matters im such a beautiful day!!! </s>,3.60459335183252
<unk> tasty <unk> </s>,0.99999999995
hi say happy belated birthday! </s>,1.3480061543950768
every thing i see thank you! </s>,2.858647832779587
of leadership is <unk> simple <unk> of <unk> pay <unk> </s>,6.245549988356691
are 65 miles away. </s>,0.99999999994
